Ticker,Name
A,"AGILENT TECHNOLOGIES, INC. (XNYS:A)"
AAL,AMERICAN AIRLINES GROUP INC. (XNAS:AAL)
AAP,"ADVANCE AUTO PARTS, INC. (XNYS:AAP)"
AAPL,APPLE INC. (XNAS:AAPL)
ABBV,ABBVIE INC. (XNYS:ABBV)
ABC,ADBRI LIMITED (XASX:ABC)
ABMD,ABMD
ABT,ABBOTT LABORATORIES (XNYS:ABT)
ACN,ACCENTURE PUBLIC LIMITED COMPANY (XNYS:ACN)
ADBE,ADOBE INC. (XNAS:ADBE)
ADI,"ANALOG DEVICES, INC. (XNAS:ADI)"
ADM,ARCHER-DANIELS-MIDLAND COMPANY. (XNYS:ADM)
ADP,"AUTOMATIC DATA PROCESSING, INC. (XNAS:ADP)"
ADSK,"AUTODESK, INC. (XNAS:ADSK)"
AEE,AMEREN CORPORATION (XNYS:AEE)
AEP,"AMERICAN ELECTRIC POWER COMPANY, INC. (XNAS:AEP)"
AES,THE AES CORPORATION (XNYS:AES)
AFL,AFLAC INCORPORATED (XNYS:AFL)
AIG,"AMERICAN INTERNATIONAL GROUP, INC. (XNYS:AIG)"
AIV,APARTMENT INVESTMENT AND MANAGEMENT COMPANY (XNYS:AIV)
AIZ,"ASSURANT, INC. (XNYS:AIZ)"
AJG,ARTHUR J. GALLAGHER & CO. (XNYS:AJG)
AKAM,"AKAMAI TECHNOLOGIES, INC. (XNAS:AKAM)"
ALB,ALBEMARLE CORPORATION (XNYS:ALB)
ALGN,"ALIGN TECHNOLOGY, INC. (XNAS:ALGN)"
ALK,"ALASKA AIR GROUP, INC. (XNYS:ALK)"
ALL,THE ALLSTATE CORPORATION (XNYS:ALL)
ALLE,ALLEGION PUBLIC LIMITED COMPANY (XNYS:ALLE)
ALXN,ALXN
AMAT,"APPLIED MATERIALS, INC. (XNAS:AMAT)"
AMCR,Amcor plc (XNYS:AMCR)
AMD,"ADVANCED MICRO DEVICES, INC. (XNAS:AMD)"
AME,"AMETEK, INC. (XNYS:AME)"
AMGN,AMGEN INC. (XNAS:AMGN)
AMP,AMP LIMITED (XASX:AMP)
AMT,AMERICAN TOWER CORPORATION (XNYS:AMT)
AMZN,"AMAZON.COM, INC. (XNAS:AMZN)"
ANET,"ARISTA NETWORKS, INC. (XNYS:ANET)"
ANSS,"ANSYS, INC. (XNAS:ANSS)"
ANTM,PT Aneka Tambang Tbk (XIDX:ANTM)
AON,Aon plc (XNYS:AON)
AOS,A. O. SMITH CORPORATION (XNYS:AOS)
APA,APA CORPORATION (XNAS:APA)
APD,"AIR PRODUCTS AND CHEMICALS, INC. (XNYS:APD)"
APH,AMPHENOL CORPORATION (XNYS:APH)
APTV,APTIV PLC (XNYS:APTV)
ARE,"ALEXANDRIA REAL ESTATE EQUITIES, INC. (XNYS:ARE)"
ATO,ATMOS ENERGY CORPORATION (XNYS:ATO)
ATVI,"ACTIVISION BLIZZARD, INC. (XMEX:ATVI*)"
AVB,"AVALONBAY COMMUNITIES, INC. (XNYS:AVB)"
AVGO,Broadcom Inc. (XNAS:AVGO)
AVY,AVERY DENNISON CORPORATION (XNYS:AVY)
AWK,"AMERICAN WATER WORKS COMPANY, INC. (XNYS:AWK)"
AXP,AMERICAN EXPRESS COMPANY (XNYS:AXP)
AZO,"AUTOZONE, INC. (XNYS:AZO)"
BA,THE BOEING COMPANY (XNYS:BA)
BAC,BANK OF AMERICA CORPORATION (XNYS:BAC)
BAX,BAXTER INTERNATIONAL INC. (XNYS:BAX)
BBY,"Best Buy Co., Inc. (XNYS:BBY)"
BDX,"BECTON, DICKINSON AND COMPANY (XNYS:BDX)"
BEN,"FRANKLIN RESOURCES, INC. (XNYS:BEN)"
BF.B,BROWN-FORMAN CORPORATION (XNYS:BF.B)
BIIB,BIOGEN INC. (XNAS:BIIB)
BIO,"BIO-RAD LABORATORIES, INC. (XNYS:BIO)"
BK,THE BANK OF NEW YORK MELLON CORPORATION (XNYS:BK)
BKNG,BOOKING HOLDINGS INC. (XNAS:BKNG)
BKR,BAKER HUGHES COMPANY (XNAS:BKR)
BLK,"BLACKROCK, INC. (XNYS:BLK)"
BLL,BLL
BMY,BRISTOL-MYERS SQUIBB COMPANY (XNYS:BMY)
BR,"BROADRIDGE FINANCIAL SOLUTIONS, INC. (XNYS:BR)"
BRK.B,"BERKSHIRE HATHAWAY INC., (XNYS:BRK.B)"
BSX,BOSTON SCIENTIFIC CORPORATION (XNYS:BSX)
BWA,BORGWARNER INC. (XNYS:BWA)
BXP,"BOSTON PROPERTIES, INC. (XNYS:BXP)"
C,CITIGROUP INC. (XNYS:C)
CAG,"CONAGRA BRANDS, INC. (XNYS:CAG)"
CAH,"CARDINAL HEALTH, INC. (XNYS:CAH)"
CARR,CARRIER GLOBAL CORPORATION (XNYS:CARR)
CAT,CATERPILLAR INC. (XNYS:CAT)
CB,Chubb Ltd (XNYS:CB)
CBOE,"Cboe Global Markets, Inc. (BATS:CBOE)"
CBRE,"CBRE GROUP, INC. (XNYS:CBRE)"
CCI,CROWN CASTLE INC. (XNYS:CCI)
CCL,Carnival Corp (XNYS:CCL)
CDNS,"CADENCE DESIGN SYSTEMS, INC. (XNAS:CDNS)"
CDW,CDW CORPORATION (XNAS:CDW)
CE,CELANESE CORPORATION (XNYS:CE)
CERN,CERN
CF,"CF INDUSTRIES HOLDINGS, INC. (XNYS:CF)"
CFG,"CITIZENS FINANCIAL GROUP, INC. (XNYS:CFG)"
CHD,"CHURCH & DWIGHT CO., INC. (XNYS:CHD)"
CHRW,"C.H. ROBINSON WORLDWIDE, INC. (XNAS:CHRW)"
CHTR,"CHARTER COMMUNICATIONS, INC. (XNAS:CHTR)"
CI,THE CIGNA GROUP (XNYS:CI)
CINF,CINCINNATI FINANCIAL CORPORATION (XNAS:CINF)
CL,COLGATE-PALMOLIVE COMPANY (XNYS:CL)
CLX,THE CLOROX COMPANY (XNYS:CLX)
CMA,COMERICA INCORPORATED (XNYS:CMA)
CMCSA,COMCAST CORPORATION (XNAS:CMCSA)
CME,CME GROUP INC. (XNAS:CME)
CMG,"CHIPOTLE MEXICAN GRILL, INC. (XNYS:CMG)"
CMI,CUMMINS INC. (XNYS:CMI)
CMS,CMS ENERGY CORPORATION (XNYS:CMS)
CNC,CENTENE CORPORATION (XNYS:CNC)
CNP,"CENTERPOINT ENERGY, INC. (XNYS:CNP)"
COF,CAPITAL ONE FINANCIAL CORPORATION (XNYS:COF)
COG,Cognor Holding S.A. (XWAR:COG)
COO,"THE COOPER COMPANIES, INC. (XNAS:COO)"
COP,CONOCOPHILLIPS (XNYS:COP)
COST,COSTCO WHOLESALE CORPORATION (XNAS:COST)
COTY,COTY INC. (XNYS:COTY)
CPB,CAMPBELL SOUP COMPANY (XNYS:CPB)
CPRT,"COPART, INC. (XNAS:CPRT)"
CRM,"SALESFORCE, INC. (XNYS:CRM)"
CSCO,"CISCO SYSTEMS, INC. (XNAS:CSCO)"
CSX,CSX Corporation (XNAS:CSX)
CTAS,CINTAS CORPORATION (XNAS:CTAS)
CTL,CAPITAL TRADE LINKS LIMITED (XBOM:538476)
CTSH,COGNIZANT TECHNOLOGY SOLUTIONS CORPORATION (XNAS:CTSH)
CTVA,"CORTEVA, INC. (XNYS:CTVA)"
CTXS,CTXS
CVS,CVS HEALTH CORPORATION (XNYS:CVS)
CVX,CHEVRON CORPORATION (XNYS:CVX)
CXO,CORE LITHIUM LTD (XASX:CXO)
D,"Dominion Energy, Inc. (XNYS:D)"
DAL,Dalaroo Metals Ltd (XASX:DAL)
DD,"DuPont de Nemours, Inc. (XNYS:DD)"
DE,DEERE & COMPANY (XNYS:DE)
DFS,DISCOVER FINANCIAL SERVICES (XNYS:DFS)
DG,DOLLAR GENERAL CORPORATION (XNYS:DG)
DGX,QUEST DIAGNOSTICS INCORPORATED (XNYS:DGX)
DHI,"D.R. HORTON, INC. (XNYS:DHI)"
DHR,DANAHER CORPORATION (XNYS:DHR)
DIS,THE WALT DISNEY COMPANY (XNYS:DIS)
DISCA,DISCA
DISCK,DISCK
DISH,AMALA FOODS PLC (XLON:DISH)
DLR,"DIGITAL REALTY TRUST, INC. (XNYS:DLR)"
DLTR,"DOLLAR TREE, INC. (XNAS:DLTR)"
DOV,DOVER CORPORATION (XNYS:DOV)
DOW,Dow Inc. (XNYS:DOW)
DPZ,"DOMINO'S PIZZA, INC. (XNYS:DPZ)"
DRE,DREADNOUGHT RESOURCES LTD (XASX:DRE)
DRI,"DARDEN RESTAURANTS, INC. (XNYS:DRI)"
DTE,DTE ENERGY COMPANY (XNYS:DTE)
DUK,DUKE ENERGY CORPORATION (XNYS:DUK)
DVA,DAVITA INC. (XNYS:DVA)
DVN,DEVON ENERGY CORPORATION (XNYS:DVN)
DXC,DXC TECHNOLOGY COMPANY (XNYS:DXC)
DXCM,"DEXCOM, INC. (XNAS:DXCM)"
EA,ELECTRONIC ARTS INC. (XNAS:EA)
EBAY,EBAY INC. (XNAS:EBAY)
ECL,ECOLAB INC. (XNYS:ECL)
ED,"CONSOLIDATED EDISON, INC. (XNYS:ED)"
EFX,EQUIFAX INC. (XNYS:EFX)
EIX,EDISON INTERNATIONAL (XNYS:EIX)
EL,THE ESTEE LAUDER COMPANIES INC. (XNYS:EL)
EMN,EASTMAN CHEMICAL COMPANY (XNYS:EMN)
EMR,EMERSON ELECTRIC CO. (XNYS:EMR)
EOG,"EOG RESOURCES, INC. (XNYS:EOG)"
EQIX,"EQUINIX, INC. (XNAS:EQIX)"
EQR,EQUITY RESIDENTIAL (XNYS:EQR)
ES,Eversource Energy (XNYS:ES)
ESS,"ESSEX PROPERTY TRUST, INC. (XNYS:ESS)"
ETFC,ETFC
ETN,EATON CORPORATION PUBLIC LIMITED COMPANY (XNYS:ETN)
ETR,ENTERGY CORPORATION (XNYS:ETR)
EVRG,"Evergy, Inc. (XNAS:EVRG)"
EW,EDWARDS LIFESCIENCES CORPORATION (XNYS:EW)
EXC,EXELON CORPORATION (XNAS:EXC)
EXPD,"EXPEDITORS INTERNATIONAL OF WASHINGTON, INC (XNYS:EXPD)"
EXPE,"EXPEDIA GROUP, INC. (XNAS:EXPE)"
EXR,EXTRA SPACE STORAGE INC. (XNYS:EXR)
F,FORD MOTOR COMPANY (XNYS:F)
FANG,"DIAMONDBACK ENERGY, INC. (XNAS:FANG)"
FAST,Fastenal Company (XNAS:FAST)
FB,FB Financial Corporation (XNYS:FBK)
FBHS,FBHS
FCX,FREEPORT-MCMORAN INC. (XNYS:FCX)
FDX,FEDEX CORPORATION (XNYS:FDX)
FE,FIRSTENERGY CORP. (XNYS:FE)
FFIV,"F5, INC. (XNAS:FFIV)"
FIS,"FIDELITY NATIONAL INFORMATION SERVICES, INC. (XNYS:FIS)"
FISV,"FISERV, INC. (XWBO:FISV)"
FITB,FIFTH THIRD BANCORP (XNAS:FITB)
FLIR,FLIR
FLS,FLOWSERVE CORPORATION (XNYS:FLS)
FLT,Drone Delivery Canada Corp. (XTSX:FLT)
FMC,FMC CORPORATION (XNYS:FMC)
FOX,FOX CORPORATION (XNAS:FOX)
FOXA,FOX CORPORATION (XNAS:FOXA)
FRC,FRC
FRT,FEDERAL REALTY INVESTMENT TRUST (XNYS:FRT)
FTI,TECHNIPFMC PLC (XNYS:FTI)
FTNT,"FORTINET, INC. (XNAS:FTNT)"
FTV,FORTIVE CORPORATION (XNYS:FTV)
GD,GENERAL DYNAMICS CORPORATION (XNYS:GD)
GE,GENERAL ELECTRIC COMPANY (XNYS:GE)
GILD,"GILEAD SCIENCES, INC. (XNAS:GILD)"
GIS,"GENERAL MILLS, INC. (XNYS:GIS)"
GL,GLOBE LIFE INC. (XNYS:GL)
GLW,CORNING INCORPORATED (XNYS:GLW)
GM,GENERAL MOTORS COMPANY (XNYS:GM)
GOOG,ALPHABET INC. (XNAS:GOOG)
GOOGL,ALPHABET INC. (XNAS:GOOGL)
GPC,GENUINE PARTS COMPANY (XNYS:GPC)
GPN,GLOBAL PAYMENTS INC. (XNYS:GPN)
GPS,"THE GAP, INC. (XNYS:GPS)"
GRMN,Garmin Ltd (XNYS:GRMN)
GS,"THE GOLDMAN SACHS GROUP, INC. (XNYS:GS)"
GWW,"W.W. GRAINGER, INC. (XNYS:GWW)"
HAL,HALLIBURTON COMPANY (XNYS:HAL)
HAS,HAYS PLC (XLON:HAS)
HBAN,HUNTINGTON BANCSHARES INCORPORATED (XNAS:HBAN)
HBI,HANESBRANDS INC. (XNYS:HBI)
HCA,"HCA HEALTHCARE, INC. (XNYS:HCA)"
HD,"THE HOME DEPOT, INC. (XNYS:HD)"
HES,HESS CORPORATION (XNYS:HES)
HFC,HFC
HIG,"THE HARTFORD FINANCIAL SERVICES GROUP, INC. (XNYS:HIG)"
HII,"HUNTINGTON INGALLS INDUSTRIES, INC. (XNYS:HII)"
HLT,HILTON WORLDWIDE HOLDINGS INC. (XNYS:HLT)
HOLX,"HOLOGIC, INC. (XNAS:HOLX)"
HON,HONEYWELL INTERNATIONAL INC. (XNAS:HON)
HPE,HEWLETT PACKARD ENTERPRISE COMPANY (XNYS:HPE)
HPQ,HP INC. (XNYS:HPQ)
HRB,"H & R BLOCK, INC. (XNYS:HRB)"
HRL,HORMEL FOODS CORPORATION (XNYS:HRL)
HSIC,"HENRY SCHEIN, INC. (XNAS:HSIC)"
HST,"HOST HOTELS & RESORTS, INC. (XNAS:HST)"
HSY,THE HERSHEY COMPANY (XNYS:HSY)
HUM,HUMANA INC. (XNYS:HUM)
HWM,HOWMET AEROSPACE INC. (XNYS:HWM)
IBM,INTERNATIONAL BUSINESS MACHINES CORPORATION (XNYS:IBM)
ICE,"INTERCONTINENTAL EXCHANGE, INC. (XNYS:ICE)"
IDXX,"IDEXX LABORATORIES, INC. (XNAS:IDXX)"
IEX,IDEX CORPORATION (XNYS:IEX)
IFF,INTERNATIONAL FLAVORS & FRAGRANCES INC. (XNYS:IFF)
ILMN,"ILLUMINA, INC. (XNAS:ILMN)"
INCY,INCYTE CORPORATION (XNAS:INCY)
INFO,"METRO ONE TELECOMMUNICATIONS, INC. (OTCM:WOWID)"
INTC,INTEL CORPORATION (XNAS:INTC)
INTU,INTUIT INC. (XNAS:INTU)
IP,INTERNATIONAL PAPER COMPANY (XNYS:IP)
IPG,"THE INTERPUBLIC GROUP OF COMPANIES, INC. (XNYS:IPG)"
IPGP,IPG PHOTONICS CORPORATION (XNAS:IPGP)
IQV,IQVIA HOLDINGS INC (XNYS:IQV)
IR,INGERSOLL RAND INC. (XNYS:IR)
IRM,IRON MOUNTAIN INCORPORATED (XNYS:IRM)
ISRG,"INTUITIVE SURGICAL, INC. (XNAS:ISRG)"
IT,"GARTNER, INC. (XNYS:IT)"
ITW,ILLINOIS TOOL WORKS INC. (XNYS:ITW)
IVZ,INVESCO LTD. (XNYS:IVZ)
J,JACOBS SOLUTIONS INC. (XNYS:J)
JBHT,"J. B. HUNT TRANSPORT SERVICES, INC. (XNAS:JBHT)"
JCI,JOHNSON CONTROLS INTERNATIONAL PLC (XNYS:JCI)
JKHY,"JACK HENRY & ASSOCIATES, INC. (XNAS:JKHY)"
JNJ,JOHNSON & JOHNSON (XNYS:JNJ)
JNPR,"JUNIPER NETWORKS, INC. (XNYS:JNPR)"
JPM,JPMORGAN CHASE & CO. (XNYS:JPM)
K,KELLANOVA (XNYS:K)
KEY,KEYCORP (XNYS:KEY)
KEYS,"KEYSIGHT TECHNOLOGIES, INC. (XNYS:KEYS)"
KHC,THE KRAFT HEINZ COMPANY (XNAS:KHC)
KIM,KIMCO REALTY CORPORATION. (XNYS:KIM)
KLAC,KLA Corporation (XNAS:KLAC)
KMB,KIMBERLY-CLARK CORPORATION (XNYS:KMB)
KMI,"KINDER MORGAN, INC. (XNYS:KMI)"
KMX,"CARMAX, INC. (XNYS:KMX)"
KO,THE COCA-COLA COMPANY (XNYS:KO)
KR,THE KROGER CO. (XNYS:KR)
KSS,KOHL'S CORPORATION (XNYS:KSS)
KSU,KSU
L,LOEWS CORPORATION (XNYS:L)
LB,"LB Group Co., Ltd. (XSHE:002601)"
LDOS,"LEIDOS HOLDINGS, INC. (XNYS:LDOS)"
LEG,"LEGGETT & PLATT, INCORPORATED (XNYS:LEG)"
LEN,Lenzing AG (XETR:LEN)
LH,LABORATORY CORPORATION OF AMERICA HOLDINGS (XNYS:LH)
LHX,"L3HARRIS TECHNOLOGIES, INC. (XNYS:LHX)"
LIN,LINDE PUBLIC LIMITED COMPANY (XETR:LIN)
LKQ,LKQ CORPORATION (XNAS:LKQ)
LLY,ELI LILLY AND COMPANY (XNYS:LLY)
LMT,LOCKHEED MARTIN CORPORATION (XNYS:LMT)
LNC,LINCOLN NATIONAL CORPORATION (XNYS:LNC)
LNT,ALLIANT ENERGY CORPORATION (XNAS:LNT)
LOW,"LOWE'S COMPANIES, INC. (XNYS:LOW)"
LRCX,LAM RESEARCH CORPORATION (XNAS:LRCX)
LUV,SOUTHWEST AIRLINES CO. (XNYS:LUV)
LVS,LAS VEGAS SANDS CORP. (XNYS:LVS)
LW,"LAMB WESTON HOLDINGS, INC. (XNYS:LW)"
LYB,LyondellBasell Industries NV (XNYS:LYB)
LYV,"LIVE NATION ENTERTAINMENT, INC. (XNYS:LYV)"
MA,MASTERCARD INCORPORATED. (XNYS:MA)
MAA,"MID-AMERICA APARTMENT COMMUNITIES, INC. (XNYS:MAA)"
MAR,"MARRIOTT INTERNATIONAL, INC. (XNAS:MAR)"
MAS,MASCO CORPORATION (XNYS:MAS)
MCD,MCDONALD'S CORPORATION (XNYS:MCD)
MCHP,MICROCHIP TECHNOLOGY INCORPORATED (XNAS:MCHP)
MCK,MCKESSON CORPORATION (XNYS:MCK)
MCO,MOODY'S CORPORATION (XNYS:MCO)
MDLZ,"Mondelez International, Inc. (XNAS:MDLZ)"
MDT,MEDTRONIC PUBLIC LIMITED COMPANY (XNYS:MDT)
MET,"METLIFE, INC. (XNYS:MET)"
MGM,MGM RESORTS INTERNATIONAL (XNYS:MGM)
MHK,"MOHAWK INDUSTRIES, INC. (XNYS:MHK)"
MKC,"MCCORMICK & COMPANY, INCORPORATED (XNYS:MKC)"
MKTX,MARKETAXESS HOLDINGS INC. (XNAS:MKTX)
MLM,"MARTIN MARIETTA MATERIALS, INC. (XNYS:MLM)"
MMC,"MARSH & MCLENNAN COMPANIES, INC. (XNYS:MMC)"
MMM,3M COMPANY (XNYS:MMM)
MNST,MONSTER BEVERAGE CORPORATION (XNAS:MNST)
MO,"Altria Group, Inc. (XNYS:MO)"
MOS,THE MOSAIC COMPANY (XNYS:MOS)
MPC,MARATHON PETROLEUM CORPORATION (XNYS:MPC)
MRK,"MERCK & CO., INC. (XNYS:MRK)"
MRO,MARATHON OIL CORPORATION (XNYS:MRO)
MS,MORGAN STANLEY (XNYS:MS)
MSCI,MSCI INC. (XNYS:MSCI)
MSFT,MICROSOFT CORPORATION (XNAS:MSFT)
MSI,"MOTOROLA SOLUTIONS, INC. (XNYS:MSI)"
MTB,M&T BANK CORPORATION (XNYS:MTB)
MTD,METTLER-TOLEDO INTERNATIONAL INC. (XNYS:MTD)
MU,"MICRON TECHNOLOGY, INC. (XNAS:MU)"
MXIM,MXIM
MYL,MYL
NBL,NBL
NCLH,NORWEGIAN CRUISE LINE HOLDINGS LTD. (XNYS:NCLH)
NDAQ,"Nasdaq, Inc. (XNAS:NDAQ)"
NEE,"NEXTERA ENERGY, INC. (XNYS:NEE)"
NEM,NEWMONT CORPORATION (XNYS:NEM)
NFLX,"NETFLIX, INC. (XNAS:NFLX)"
NI,NISOURCE INC. (XNYS:NI)
NKE,"NIKE, INC. (XNYS:NKE)"
NLOK,GEN DIGITAL INC. (XWBO:NLOK)
NLSN,NLSN
NOC,NORTHROP GRUMMAN CORPORATION (XNYS:NOC)
NOV,NOV INC. (XNYS:NOV)
NOW,"SERVICENOW, INC. (XNYS:NOW)"
NRG,"NRG ENERGY, INC. (XNYS:NRG)"
NSC,NORFOLK SOUTHERN CORPORATION (XNYS:NSC)
NTAP,"NETAPP, INC. (XNAS:NTAP)"
NTRS,NORTHERN TRUST CORPORATION (XNAS:NTRS)
NUE,NUCOR CORPORATION (XNYS:NUE)
NVDA,NVIDIA CORPORATION (XNAS:NVDA)
NVR,"NVR, Inc. (XNYS:NVR)"
NWL,NEWELL BRANDS INC. (XNAS:NWL)
NWS,NEWS CORPORATION (XNAS:NWS)
NWSA,NEWS CORPORATION (XNAS:NWSA)
O,REALTY INCOME CORPORATION (XNYS:O)
ODFL,"OLD DOMINION FREIGHT LINE, INC. (XNAS:ODFL)"
OKE,"ONEOK, INC. (XNYS:OKE)"
OMC,OMNICOM GROUP INC. (XNYS:OMC)
ORCL,ORACLE CORPORATION (XNYS:ORCL)
ORLY,"O'Reilly Automotive, Inc. (XNAS:ORLY)"
OTIS,OTIS WORLDWIDE CORPORATION (XNYS:OTIS)
OXY,OCCIDENTAL PETROLEUM CORPORATION (XNYS:OXY)
PAYC,"PAYCOM SOFTWARE, INC. (XNYS:PAYC)"
PAYX,"PAYCHEX, INC. (XNAS:PAYX)"
PBCT,PBCT
PCAR,PACCAR INC (XNAS:PCAR)
PEAK,"HEALTHPEAK PROPERTIES, INC. (XNYS:PEAK)"
PEG,PUBLIC SERVICE ENTERPRISE GROUP INCORPORATED (XNYS:PEG)
PEP,"PEPSICO, INC. (XNAS:PEP)"
PFE,PFIZER INC. (XNYS:PFE)
PFG,"PRINCIPAL FINANCIAL GROUP, INC. (XNAS:PFG)"
PG,THE PROCTER & GAMBLE COMPANY (XNYS:PG)
PGR,THE PROGRESSIVE CORPORATION (XNYS:PGR)
PH,PARKER-HANNIFIN CORPORATION (XNYS:PH)
PHM,"PULTEGROUP, INC. (XNYS:PHM)"
PKG,PACKAGING CORPORATION OF AMERICA (XNYS:PKG)
PKI,PARKLAND CORPORATION. (XTSE:PKI)
PLD,"PROLOGIS, INC. (XNYS:PLD)"
PM,Philip Morris International Inc. (XNYS:PM)
PNC,"THE PNC FINANCIAL SERVICES GROUP, INC. (XNYS:PNC)"
PNR,PENTAIR PUBLIC LIMITED COMPANY (XNYS:PNR)
PNW,PINNACLE WEST CAPITAL CORPORATION (XNYS:PNW)
PPG,"PPG INDUSTRIES, INC. (XNYS:PPG)"
PPL,PPL CORPORATION (XNYS:PPL)
PRGO,PERRIGO COMPANY PUBLIC LIMITED COMPANY (XNYS:PRGO)
PRU,"PRUDENTIAL FINANCIAL, INC. (XNYS:PRU)"
PSA,PUBLIC STORAGE. (XNYS:PSA)
PSX,PHILLIPS 66 (XNYS:PSX)
PVH,PVH CORP. (XNYS:PVH)
PWR,"QUANTA SERVICES, INC. (XNYS:PWR)"
PXD,PIONEER NATURAL RESOURCES COMPANY (XNYS:PXD)
PYPL,"PAYPAL HOLDINGS, INC. (XNAS:PYPL)"
QCOM,QUALCOMM INCORPORATED (XNAS:QCOM)
QRVO,"QORVO, INC. (XNAS:QRVO)"
RCL,ROYAL CARIBBEAN CRUISES LTD. (XNYS:RCL)
RE,"RENEWABLE ENERGY AND POWER, INC. (OTCM:RBNW)"
REG,REGENCY CENTERS CORPORATION (XNAS:REG)
REGN,"REGENERON PHARMACEUTICALS, INC. (XNAS:REGN)"
RF,REGIONS FINANCIAL CORPORATION (XNYS:RF)
RHI,ROBERT HALF INC. (XNYS:RHI)
RJF,"RAYMOND JAMES FINANCIAL, INC. (XNYS:RJF)"
RL,RALPH LAUREN CORPORATION (XNYS:RL)
RMD,RESMED INC. (XNYS:RMD)
ROK,"ROCKWELL AUTOMATION, INC. (XNYS:ROK)"
ROL,"ROLLINS, INC. (XNYS:ROL)"
ROP,"ROPER TECHNOLOGIES, INC. (XNAS:ROP)"
ROST,"ROSS STORES, INC. (XNAS:ROST)"
RSG,"REPUBLIC SERVICES, INC. (XNYS:RSG)"
RTX,RTX CORPORATION (XNYS:RTX)
SBAC,SBA Communications Corporation (XNAS:SBAC)
SBUX,STARBUCKS CORPORATION (XNAS:SBUX)
SCHW,THE CHARLES SCHWAB CORPORATION (XNYS:SCHW)
SEE,SEALED AIR CORPORATION (XNYS:SEE)
SHW,THE SHERWIN-WILLIAMS COMPANY (XNYS:SHW)
SIVB,SVB FINANCIAL GROUP (OTCM:SIVPQ)
SJM,THE J. M. SMUCKER COMPANY (XNYS:SJM)
SLB,Schlumberger N.V. (XNYS:SLB)
SLG,SL GREEN REALTY CORP. (XNYS:SLG)
SNA,SNAP-ON INCORPORATED (XNYS:SNA)
SNPS,"SYNOPSYS, INC. (XNAS:SNPS)"
SO,THE SOUTHERN COMPANY (XNYS:SO)
SPG,"SIMON PROPERTY GROUP, INC. (XNYS:SPG)"
SPGI,S&P Global Inc. (XNYS:SPGI)
SRE,SEMPRA (XNYS:SRE)
STE,STERIS PUBLIC LIMITED COMPANY (XNYS:STE)
STT,STATE STREET CORPORATION (XNYS:STT)
STX,SEAGATE TECHNOLOGY HOLDINGS PUBLIC LIMITED COMPANY (XNAS:STX)
STZ,"CONSTELLATION BRANDS, INC. (XNYS:STZ)"
SWK,"STANLEY BLACK & DECKER, INC. (XNYS:SWK)"
SWKS,"SKYWORKS SOLUTIONS, INC. (XNAS:SWKS)"
SYF,SYNCHRONY FINANCIAL (XNYS:SYF)
SYK,STRYKER CORPORATION (XNYS:SYK)
SYY,SYSCO CORPORATION (XNYS:SYY)
T,AT&T INC. (XNYS:T)
TAP,MOLSON COORS BEVERAGE COMPANY (XNYS:TAP)
TDG,TRANSDIGM GROUP INCORPORATED (XNYS:TDG)
TDY,TELEDYNE TECHNOLOGIES INCORPORATED (XNYS:TDY)
TEL,TE Connectivity Ltd (XNYS:TEL)
TFC,Truist Financial Corporation (XNYS:TFC)
TFX,TELEFLEX INCORPORATED (XNYS:TFX)
TGT,TARGET CORPORATION (XNYS:TGT)
TIF,Ninepoint Target Income ETF (NEOE:TIF)
TJX,"THE TJX COMPANIES, INC. (XNYS:TJX)"
TMO,THERMO FISHER SCIENTIFIC INC. (XNYS:TMO)
TMUS,"T-MOBILE US, INC. (XNAS:TMUS)"
TPR,"TAPESTRY, INC. (XNYS:TPR)"
TROW,"T. ROWE PRICE GROUP, INC. (XNAS:TROW)"
TRV,"The Travelers Companies, Inc. (XNYS:TRV)"
TSCO,TRACTOR SUPPLY COMPANY (XNAS:TSCO)
TSN,"TYSON FOODS, INC. (XNYS:TSN)"
TT,Trane Technologies plc (XNYS:TT)
TTWO,"TAKE-TWO INTERACTIVE SOFTWARE, INC. (XNAS:TTWO)"
TWTR,TWTR
TXN,TEXAS INSTRUMENTS INCORPORATED (XNAS:TXN)
TXT,TEXTRON INC. (XNYS:TXT)
TYL,"TYLER TECHNOLOGIES, INC. (XNYS:TYL)"
UA,"UNDER ARMOUR, INC. (XNYS:UA)"
UAA,"UNDER ARMOUR, INC. (XNYS:UAA)"
UAL,"UNITED AIRLINES HOLDINGS, INC. (XNAS:UAL)"
UDR,"UDR, INC. (XNYS:UDR)"
UHS,"UNIVERSAL HEALTH SERVICES, INC. (XNYS:UHS)"
ULTA,"ULTA BEAUTY, INC. (XNAS:ULTA)"
UNH,UNITEDHEALTH GROUP INCORPORATED (XNYS:UNH)
UNM,UNUM GROUP (XNYS:UNM)
UNP,UNION PACIFIC CORPORATION (XNYS:UNP)
UPS,"UNITED PARCEL SERVICE, INC. (XNYS:UPS)"
URI,"UNITED RENTALS, INC. (XNYS:URI)"
USB,U.S. BANCORP (XNYS:USB)
V,VISA INC. (XNYS:V)
VAR,Var Energi ASA (XOSL:VAR)
VFC,V.F. CORPORATION (XNYS:VFC)
VIAC,VIAC
VLO,VALERO ENERGY CORPORATION (XNYS:VLO)
VMC,VULCAN MATERIALS COMPANY (XNYS:VMC)
VNO,VORNADO REALTY TRUST (XNYS:VNO)
VRSK,"VERISK ANALYTICS, INC. (XNAS:VRSK)"
VRSN,"VERISIGN, INC. (XNAS:VRSN)"
VRTX,VERTEX PHARMACEUTICALS INCORPORATED (XNAS:VRTX)
VTR,"VENTAS, INC. (XNYS:VTR)"
VZ,VERIZON COMMUNICATIONS INC. (XNYS:VZ)
WAB,WESTINGHOUSE AIR BRAKE TECHNOLOGIES CORPORATION (XNYS:WAB)
WAT,WATERS CORPORATION (XNYS:WAT)
WBA,"WALGREENS BOOTS ALLIANCE, INC. (XNAS:WBA)"
WDC,WESTERN DIGITAL CORPORATION (XNAS:WDC)
WEC,"WEC ENERGY GROUP, INC. (XNYS:WEC)"
WELL,WELLTOWER INC. (XNYS:WELL)
WFC,WELLS FARGO & COMPANY (XNYS:WFC)
WHR,WHIRLPOOL CORPORATION (XNYS:WHR)
WLTW,WLTW
WM,"WASTE MANAGEMENT, INC. (XNYS:WM)"
WMB,"THE WILLIAMS COMPANIES, INC. (XNYS:WMB)"
WMT,WALMART INC. (XNYS:WMT)
WRB,W. R. BERKLEY CORPORATION (XNYS:WRB)
WRK,WESTROCK COMPANY (XNYS:WRK)
WST,"WEST PHARMACEUTICAL SERVICES, INC. (XNYS:WST)"
WU,THE WESTERN UNION COMPANY (XNYS:WU)
WY,WEYERHAEUSER COMPANY (XNYS:WY)
WYNN,"WYNN RESORTS, LIMITED (XNAS:WYNN)"
XEL,Xcel Energy Inc. (XNAS:XEL)
XLNX,XLNX
XOM,EXXON MOBIL CORPORATION (XNYS:XOM)
XRAY,DENTSPLY SIRONA INC. (XNAS:XRAY)
XRX,Xerox Holdings Corp (XNAS:XRX)
XYL,XYLEM INC. (XNYS:XYL)
YUM,"YUM! BRANDS, INC. (XNYS:YUM)"
ZBH,"ZIMMER BIOMET HOLDINGS, INC. (XNYS:ZBH)"
ZBRA,ZEBRA TECHNOLOGIES CORPORATION (XNAS:ZBRA)
ZION,"ZIONS BANCORPORATION, NATIONAL ASSOCIATION (XNAS:ZION)"
ZTS,ZOETIS INC. (XNYS:ZTS)